dataset,mse,mae,mase,mape,rmse,nrmse,smape,msis,nd,mwsq,crps
m4_yearly,66252853.4568053,5959.4538066387095,1.2014374048419465,0.8862093899443556,8139.585582620611,0.0539688740358103,1.7724055151083111,0.2462140161279139,0.9999999983116912,0.0007193795464796,10.40145858399296
m4_quarterly,53476808.127896175,5412.382645718804,1.2043996013334324,0.8862858525875622,7312.783883576499,0.1437600039737929,1.7725584501156506,0.2660082319606482,0.999999998141039,0.0006534398285033,8.397087631038906
m4_monthly,29150868.43792202,3928.3228790555686,1.1939751918947217,0.8862858514141765,5399.154418788374,0.0407483352330633,1.7725584477518437,0.279068200286255,0.9999999974387528,0.0004743956641751,4.576851602728605
m4_weekly,12580334.063424349,2485.362140106139,,0.8290979226938299,3546.8766631255094,0.1152968391240302,1.6581753160318362,0.2160145151200478,0.999999995955406,0.0003006042739941,1.936064601967902
m4_daily,20586086.73665008,3345.4829024998708,1.168670067859792,0.8737898621080415,4537.189299186235,0.0656802156706634,1.7475648796525691,0.2762961108010779,0.9999999969931348,0.0004041733965829,3.2330296453881324
m4_hourly,1160105265.360801,5322.308605324975,,0.8196208247076843,34060.31804550276,0.0548693571274791,1.6392199107811611,0.0811411379346498,0.9999999981115772,0.0006430422323781,181.4360077909528
car_parts_with_missing,6.29993812832212e-15,7.879270979234519e-08,0.0078792709792345,0.0078792709792345,7.937214957604539e-08,0.0079372149576045,0.0156335553897607,0.0078792709792345,0.0078792709792345,7.87927010362376e-08,6.299937399199375e-15
hierarchical_sales,1165.3568499075202,14.28426105238984,,0.5852856781746333,34.13732341451978,0.0418862858842416,1.1705223966262432,0.1321480485388565,0.9999992988568722,1.818616438203544e-06,0.0002108486016131
restaurant,539.9473255942656,16.620680534936092,,0.8397799725695149,23.23676667684783,0.03706023334329425,1.6795407821437738,0.25024833701253796,0.9999993950909464,2.0413882493647376e-06,8.637084510022072e-05
