dataset,mse,mae,mase,mape,rmse,nrmse,smape,msis,nd,mwsq,crps
m4_yearly,66252550.56894015,5959.432080232358,1.2466633549052129,116.0693424385617,8139.566976746377,0.0539687506710429,1.7844448819195622,0.2462129957053928,0.9999963526074004,5.684685482926337,62499.61471598859
m4_quarterly,53476536.116586566,5412.361620228974,1.1984195060804983,111.97136705228762,7312.765285210962,0.1437596383536479,1.7840546713665213,0.2660070752214569,0.9999961134397592,5.248531341335546,50733.14054465674
m4_monthly,29150668.200291883,3928.301527841015,1.2465767579479727,110.07550748571124,5399.135875331523,0.0407481952824455,1.7841431576288205,0.2790665130307588,0.9999945622402834,4.109593239536733,30980.31590585716
m4_weekly,13127156.156438977,2593.3999113001714,,119.017248214552,3623.141752186764,0.1177759565389917,1.7429390776203342,0.2179777627700754,0.9999917243130576,4.451479711167246,15381.47052969332
m4_daily,20818955.37703621,3383.3343197166814,1.217461272876409,115.13205622515392,4562.779347835726,0.066050656444343,1.7813443961611557,0.2791981407056162,0.999993502253278,4.0132389355638445,25368.806662947107
m4_hourly,1249343690.1846278,5731.696451628863,0.3711103980506451,87.29192972826681,35346.05621826327,0.0569406128004115,1.774749758507997,0.0854603735323393,0.9999964202687148,3.501781981392865,93630.61016010716
car_parts_with_missing,0.0133717639281966,0.0239443373268813,2394.433732688132,2394.433732688132,0.1156363434573951,11563.634345739518,0.2915361131408352,2394.433732688132,2394.433732688132,0.0239310713895487,0.0133661095415976
hierarchical_sales,1164.580781760996,14.276960861055366,,769.319906400828,34.12595466446317,0.0418723364978402,1.276396955962651,0.1320677145641298,0.999488233832982,0.0162003405008592,0.6419357896665321
restaurant,549.8892230222452,16.931034421372605,1.1714066015882363,186.38452736617225,23.4497169070811,0.03739986687891935,1.7225995714648292,0.25489343812543663,0.9990823009939029,0.015270601154084623,0.35233365494850294
