dataset,mse,mae,mase,mape,rmse,nrmse,smape,msis,nd,mwsq,crps
m4_yearly,713840.2954764694,118.3214491981165,0.022052767176203,0.0177081369193893,844.8907003136379,0.0056019805082722,0.0141698142627891,0.0204429256462252,0.0175752016533242,-519684.59323528735,5259164627.965178
m4_quarterly,598948.8319407064,111.211720129144,0.0218460910798621,0.018173547916547,773.9178457308672,0.0152427046969538,0.0145425724364704,0.0217522321597527,0.0181321773424779,-434148.2915997054,3838590330.078277
m4_monthly,672038.3098970122,215.1227369601013,0.0594943840038887,0.0489464646215492,819.7794275883069,0.0110435519621437,0.0436441863341326,0.0344611446501274,0.0474753170015022,-170284.52705544702,3503198324.164955
m4_weekly,341913.4216626258,156.4717335186256,0.0537634255799626,475.2375806031399,584.7336330865754,0.0303065011290302,0.0703910236641477,0.0208690225796052,0.0539689884487633,113071.66296172448,1240403890.8378534
m4_daily,214844.7093704125,104.30509853978973,0.0318888899960517,143.13355644929828,463.5134403341639,0.0125273902759159,0.0329151792545842,0.0219893041404422,0.0273562433287498,-54803.12170854871,843083307.4846896
m4_hourly,1359859.0903621814,194.89361905296087,,711.5845841006458,1166.1299628952947,0.0019507057771521,0.2007635716189603,0.1296742176060259,0.0327289820434407,363519.9283716522,2618477579.08882
car_parts_with_missing,0.1051280724188169,0.1212717524431405,12127.175244314054,12127.175244314054,0.3242345947285961,32423.45947285961,0.6343581164870851,12127.175244314054,12127.175244314054,0.1195743861315333,0.1055338440028521
hierarchical_sales,519.1916100967884,10.687376878804711,,45385.67153633379,22.78577648658892,0.0703264684670501,0.5837770643318559,0.0978053057700188,0.5073966275842067,61.787492554966114,8900.230388992055
restaurant,125.00906490719495,7.454866514038771,0.47254214936872446,474.28979050302036,11.180745275123432,0.061432662971411,0.4650913898478719,0.11813054342716933,0.4040786455507588,17.25769545684858,2240.852189221939
