Dataset,TimesFM_MSE,TimesFM_MASE,TimesFM_MSE.1,TimesFM_MASE.1,TimesFM_MSE.2,TimesFM_MASE.2
electricity,3811006.6804862735,0.7628406882286072,,,,
exchange_rate,0.0005915885286294,6.534599781036377,,,,
illness,7279502592.0,3.8531417846679688,,,,
traffic,0.0007379634374574,0.7763694524765015,,,,
weather,4132.3909926098295,3.7857511043548584,,,,
