Dataset\Model,TimesFM
electricity,203.27371215820312
exchange_rate,0.0149427494034171
illness,31049.732421875
traffic,0.0113781420513987
weather,12.737411499023438
