dataset,size_in_MB,eval_time_in_seconds,mse,mae,mase,mape,rmse,nrmse,smape,msis,nd,mwsq,crps
hierarchical_sales,0.9,36.77,0.9524432613676054,0.5562151731540815,0.6473397265531169,0.1937995496593919,0.973552435641999,0.0577007113177229,1.0426296376278796,0.1138487717517671,14.022930629541024,0.102631450604826,0.5539909988762604
car_parts_with_missing,0.58,267.37,1.9491283532366093,0.4883545348286974,0.5649973044858712,30.898823676845424,1.396111869886009,0.0213341968084759,0.4950274435808232,0.0628490671443087,-18.171803205235147,-0.0052512021756766,1.4393904221735776
restaurant,1.77,82.2,26.846402184594005,1.0145189490803057,0.5610193729504934,2.203291611271552,5.181351385941124,0.0259812635830672,1.0909845590340046,0.2062534087995569,1.1926645587721725,0.5519850534980189,28.765271480292053
m4_hourly,2.43,87.18,0.1333956766779955,0.1860175192589417,0.2431213605982264,0.043723435074827,0.3625894668304548,0.0429407866121763,0.3844294669750329,0.0522961136818898,0.6553786114307261,0.0636819243829223,0.1255299904092721
m4_weekly,7.18,179.37,0.018179027259866,0.0190847847017349,0.0190060097381369,-0.001163983126424,0.1120898574554803,0.0133863284748553,0.0141951884537428,0.0157101661209063,0.0419273406233215,0.010714344098937,0.0463625897603325
m4_yearly,51.4,2313.09,0.0052094761378141,0.0029880838727772,0.0141925952296241,0.0138893764180495,0.0721767007961308,0.0033476179453784,0.0106044520203541,0.0159411942537857,0.011928047123502,0.0002142418057761,0.0063778229086028
m4_quarterly,163.93,2476.73,0.0007179966827027,0.0005674936002563,0.0026090279451061,0.0003397994736172,0.0267954601136602,0.0043222899838504,0.000675878153252,0.0104636795941662,0.0026448841989718,7.376840871202245e-05,0.0007242233870402
m4_daily,316.28,8406.18,0.0009214610296857,0.0002574009545403,0.0006007995605,1.1712689443422514e-05,0.0204228850015626,0.0019292854520712,0.0002133661975737,0.004469428683823,0.0011910565549767,-0.0001754626130868,0.0033980196173305
m4_monthly,1025.34,23803.9,0.000566611459795347,0.0001311937298998091,0.0006609850163724561,-6.7729715172659405e-06,0.02306386887106241,0.0012425842465407647,0.00010797917197704208,0.008269669071734698,0.0015002097320680548,0.0003734377789457034,0.004084347812627443
