dataset,mse,mae,mase,mape,rmse,nrmse,smape,msis,nd,mwsq,crps
hierarchical_sales,0.8589310530581837,0.5714230975070527,0.616551641097949,-0.05753727529424269,0.9267853327811051,0.05528781741258811,1.0293724626654,0.11456357891596292,-4.025697475637844,0.21745075550662718,0.6202183317787298
