dataset,size_in_MB,eval_time_in_seconds,mse,mae,mase,mape,rmse,nrmse,smape,msis,nd,mwsq,crps
hierarchical_sales,0.9,39.1,0.9521427017913544,0.555937002925261,0.6470542537509291,0.2141082235175068,0.9733796384094052,0.0576892882783271,1.0422506175549533,0.1136415577842731,14.020140133423672,0.1020752162780457,0.5518713971526572
car_parts_with_missing,0.58,269.55,1.948519277717644,0.4875062147220533,0.5640158483112843,30.16919609808553,1.3958937200652646,0.0213308632280445,0.4948677083928177,0.0626539894712883,-18.14023698656905,-0.0054366570751116,1.4434784015549322
restaurant,1.77,83.4,26.847741350675893,1.0151956542033451,0.5613935844762068,2.1417209444047054,5.181480613750851,0.0259819115803823,1.090304770311059,0.2064049551663835,1.1934600907015864,0.5553322032373278,29.17487286909116
m4_hourly,2.43,87.79,0.1328834061456622,0.185684400930607,0.2426922012609416,0.0531312933170604,0.3618598751863245,0.0428554120925846,0.38330416708155,0.052219406655783,0.6542600453745258,0.0636630529505457,0.1239492229249339
m4_weekly,7.18,182.09,0.0182265279923332,0.019009568062927,0.0189320689302744,0.0072528778170777,0.1122107937636008,0.0134036192678428,0.0140767064465848,0.0156454547784692,0.0417662594748521,0.0112694042676663,0.0471055792125288
m4_yearly,51.4,2556.07,0.0051849468231398,0.0029628931662482,0.0140729461446128,0.0147542190863553,0.0720065748604936,0.0033397273570191,0.0105576818229259,0.0159769204301603,0.0118274890577496,0.0001869298061264,0.0063524294769425
m4_quarterly,163.93,2771.69,0.0007246872899473,0.0005743240133712,0.0026404304819545,0.0003196494292271,0.0269200165294783,0.0043423817809769,0.0006932175318411,0.0104721339111931,0.0026767183054916,8.021061796033683e-05,0.0007237957953188
m4_daily,316.28,8484.13,0.0009226716758646877,0.00025957324618842384,0.0006058863349666201,1.6816524878558097e-05,0.020474547272132455,0.001940601136090788,0.00021202354729170348,0.004473034830693086,0.0012010750107182729,-0.00019426897468312595,0.003546997049261036
