dataset,mse,mae,mase,mape,rmse,nrmse,smape,msis,nd,mwsq,crps
m4_yearly,0.0052087153308093,0.0021155863068997,0.0062070921994745,0.0001078290661098,0.072171427309513,0.0037203163739408,0.0006606803508475,0.0259323064237833,0.0062165869567361,,
m4_quarterly,0.2049528062343597,0.034579936414957,0.0263293385505676,-0.0119815953075885,0.452717125415802,0.0036627985510166,0.0061851162463426,0.0509874820709228,0.0378919121106883,,
car_parts_with_missing,3.9970741271972656,0.6948285698890686,0.5600548386573792,2225.8037109375,1.9992684125900269,0.013825112308641684,0.7577459216117859,0.09292840212583542,7.271867966719977,,
m4_monthly,2909.27587890625,1.161812663078308,0.2227547615766525,0.7168243527412415,53.93770217895508,0.0056619056798107,0.2376443743705749,0.1193401291966438,1.2022751637263394,,
m4_weekly,1.7254031896591189,0.7744906544685364,,0.3855582177639007,1.313546061515808,0.0376740228447805,0.451399564743042,0.0615759305655956,0.3611007013220144,,
m4_daily,172410.796875,10.288247108459473,0.3463780283927917,-8.15981674194336,415.2237854003906,0.008532863120768,0.441860020160675,1.4712053537368774,0.903873343962954,,
m4_hourly,0.835334300994873,0.7007676959037781,,-0.1798239648342132,0.9139662384986876,0.1284759660758226,1.0870146751403809,0.145163208246231,7.14867561315499,,
hierarchical_sales,0.7988150119781494,0.5947628021240234,,-0.6581871509552002,0.8937644958496094,0.110679180606552,1.0795068740844729,0.1335088014602661,-15.867466154297173,,
restaurant,85.82835388183594,5.072246074676514,,0.4124273657798767,9.264359474182127,0.0540672913838924,0.7421128749847412,0.0829624980688095,0.4514535935761279,,
