dataset,mse,mae,mase,mape,rmse,nrmse,smape,msis,nd,mwsq,crps
m4_yearly,4089.5535,0.7239191,,8.153666e-05,63.949615,0.0004240859415777,7.461933e-05,0.013814757,0.0001075461601152,1137.5929,32166263.159627814
m4_quarterly,159.80728149414062,0.1514782607555389,0.1791837513446808,3.646645200205967e-05,12.641490936279297,0.0002489805789256,3.042076968995389e-05,0.0145552530884742,2.466766623533748e-05,-12.20586395263672,925608.4887961468
m4_monthly,12.195643424987791,0.015945291146636,0.1279855519533157,3.2659083899488905e-06,3.4922261238098145,4.557346318085412e-05,3.314094783490873e-06,0.0190150868147611,3.299583974679889e-06,11.041447639465332,65613.56540015068
m4_weekly,9182.638671875,13.471575736999512,0.1208264678716659,0.0019258182728663,95.82608795166016,0.0023266411585869,0.0019445645157247,0.0136745180934667,0.0024774455138392,13858.482421875,51448318.59787496
m4_daily,292.12939453125,0.0292123854160308,0.0456152409315109,3.150082193315029e-06,17.091793060302734,0.0003997893211149,3.351554596520145e-06,0.0076802792027592,4.529887015060323e-06,-0.4680710434913635,408258.0666824757
m4_hourly,2513977.5,138.3153076171875,,0.5284046530723572,1585.552734375,0.0022933789067535,0.0974848419427871,0.1223030909895896,0.0190783974596198,-357139.0,13535743778.233936
car_parts_with_missing,1.4118587970733645,0.4692889750003814,,11805.2060546875,1.1882166862487793,0.029705409729867,1.828437566757202,0.1179555356502533,1.0383541264832732,0.2255326509475708,0.730486241146584
hierarchical_sales,1116.905517578125,10.943532943725586,,11145.1025390625,33.420135498046875,0.0410063007214526,0.478020429611206,0.0891343876719474,0.4624323949531886,107.7077865600586,24608.010096517857
restaurant,153.97305297851562,7.832036972045898,,1.3415601253509521,12.408587455749512,0.014148902296762245,0.44593581557273865,0.11515636742115021,0.37658734727924537,29.634353637695312,2847.3094600519025
