dataset,mse,mae,mase,mape,rmse,nrmse,smape,msis,nd,mwsq,crps
m4_yearly,66252870.0,5959.457,1.2014377,1.9688425,8139.587,0.0539688828638298,1.9774241,0.24621385,0.9999999983219948,,
m4_quarterly,53476804.0,5412.38330078125,1.204399585723877,1.9674361944198608,7312.78369140625,0.1437600001959709,1.977432131767273,0.2660082578659057,0.9999999981523852,,
m4_monthly,29150872.0,3928.324462890625,1.1939749717712402,1.96743905544281,5399.15478515625,0.0407483379981039,1.9774361848831177,0.2790682315826416,0.9999999974543854,,
m4_weekly,12580333.0,2485.3623046875,,3.0196468830108643,3546.87646484375,0.1152968326785678,1.971630334854126,0.2160145044326782,0.9999999959764416,,
m4_daily,20586086.0,3345.48291015625,1.1686701774597168,2.1973493099212646,4537.189453125,0.0656802178990764,1.9761663675308228,0.2762961089611053,0.9999999970108948,,
m4_hourly,1160105344.0,5322.30859375,,3.194009065628052,34060.3203125,0.0548693607794908,1.970649480819702,0.0811411440372467,0.9999999981211162,,
car_parts_with_missing,3.449170904445964e-08,0.0001812941627576,18.12941551208496,18.12941551208496,0.0001857194292824,18.57194292824716,1.8882852792739868,18.12941551208496,18.129416275769472,,
hierarchical_sales,1165.35107421875,14.284202575683594,,6.813482761383057,34.137237548828125,0.041886180527566,1.9428573846817017,0.1321474611759185,0.9999952273284024,,
restaurant,539.94091796875,16.62053871154785,,2.817391872406006,23.236629486083984,0.03706001453825174,1.9726004600524902,0.25024595856666565,0.9999909062860721,,
